Customer,Most Relevant Topic,Description
6118c789-70c2-4b0d-87b4-e147de083f6f,6,"Based on your preferences, the most suitable topic for you is: Topic 6"
ecf99a0c-5438-463f-afc1-24f1511b2a62,3,"Based on your preferences, the most suitable topic for you is: Topic 3"
18c7b72b-467b-4119-9be9-0e0486ee35e4,5,"Based on your preferences, the most suitable topic for you is: Topic 5"
dfeaf03d-0470-4133-8277-e278765e0b5d,2,"Based on your preferences, the most suitable topic for you is: Topic 2"
cc915e3a-9870-4c89-b6c5-62a07371d0ba,9,"Based on your preferences, the most suitable topic for you is: Topic 9"
73bacb5b-f039-4a37-bea9-5e1fc9c0f90c,9,"Based on your preferences, the most suitable topic for you is: Topic 9"
16343408-1383-4024-81c4-d14b78c8e397,0,"Based on your preferences, the most suitable topic for you is: Topic 0"
37a892da-06ac-4a79-8659-af4b31f3a22c,6,"Based on your preferences, the most suitable topic for you is: Topic 6"
e42e5a14-d2c8-497c-b67d-34edd1b248ab,1,"Based on your preferences, the most suitable topic for you is: Topic 1"
d9831958-2956-49b4-b609-80079e754e5e,2,"Based on your preferences, the most suitable topic for you is: Topic 2"
3616363a-966d-45a7-be33-4e53a9592334,4,"Based on your preferences, the most suitable topic for you is: Topic 4"
c7d6e0f3-641a-467c-be61-4005ee98b534,0,"Based on your preferences, the most suitable topic for you is: Topic 0"
ab9623f1-b6c3-4bde-a6d9-21fed0129ee7,1,"Based on your preferences, the most suitable topic for you is: Topic 1"
c1af7dee-e019-4805-a620-d1263bf89094,1,"Based on your preferences, the most suitable topic for you is: Topic 1"
82707693-32ac-4ed7-ab02-4e56a7a245e7,0,"Based on your preferences, the most suitable topic for you is: Topic 0"
99d61eab-1596-40a0-94ff-d4753d036b1e,0,"Based on your preferences, the most suitable topic for you is: Topic 0"
bc3dabfc-3db8-40f9-b76e-fa8d48c6c279,2,"Based on your preferences, the most suitable topic for you is: Topic 2"
895e99b9-2e9f-45ab-b77b-b2fd5a3cb850,6,"Based on your preferences, the most suitable topic for you is: Topic 6"
b853a1d7-0f5f-48b0-a406-861b8117206d,6,"Based on your preferences, the most suitable topic for you is: Topic 6"
7a87ed88-5e20-4f27-b936-2076b76c33ce,6,"Based on your preferences, the most suitable topic for you is: Topic 6"
c849e2cf-e8f4-4d51-996f-159b77ad7c65,0,"Based on your preferences, the most suitable topic for you is: Topic 0"
62120d76-e70f-4f4b-8c48-5fd668570730,3,"Based on your preferences, the most suitable topic for you is: Topic 3"
4bdf6d36-086f-44e8-a59b-d446d38ba02b,2,"Based on your preferences, the most suitable topic for you is: Topic 2"
4c218441-6c39-48af-8765-2779497b0a61,6,"Based on your preferences, the most suitable topic for you is: Topic 6"
d458ee18-08e0-4153-a6f8-2e7d57e3e66a,9,"Based on your preferences, the most suitable topic for you is: Topic 9"
1e1aac72-06b0-4ecf-ac20-32c049e4a3a2,7,"Based on your preferences, the most suitable topic for you is: Topic 7"
c423dde2-648e-45e8-92fc-6985e0d575ea,3,"Based on your preferences, the most suitable topic for you is: Topic 3"
41e86ff1-c8b7-4539-a758-edbdba9bf501,1,"Based on your preferences, the most suitable topic for you is: Topic 1"
523decb7-21f2-4cfb-b15d-9964029f4746,1,"Based on your preferences, the most suitable topic for you is: Topic 1"
928b2593-3cbc-4c2c-9def-66ffecf8fcda,7,"Based on your preferences, the most suitable topic for you is: Topic 7"
acda8800-2616-49d9-920d-7eab11551eb2,3,"Based on your preferences, the most suitable topic for you is: Topic 3"
dd819535-59d6-4bc2-a716-35845b32983c,8,"Based on your preferences, the most suitable topic for you is: Topic 8"
6d0f2c23-9515-45ba-bd05-4a417585cc50,5,"Based on your preferences, the most suitable topic for you is: Topic 5"
e310e4bc-38c6-41b5-afa1-b857812fdc4a,0,"Based on your preferences, the most suitable topic for you is: Topic 0"
eeba7cb0-0c4c-40c0-90dc-97efd97f0ae9,9,"Based on your preferences, the most suitable topic for you is: Topic 9"
eca5f130-2bca-4a00-8230-feee105f1a29,1,"Based on your preferences, the most suitable topic for you is: Topic 1"
baf3eac0-0db8-48a6-8faa-990a131a8dcc,2,"Based on your preferences, the most suitable topic for you is: Topic 2"
6991f3c2-48a9-456f-9e7e-168d215146d8,2,"Based on your preferences, the most suitable topic for you is: Topic 2"
38c2f4c4-5684-4556-a987-9eaf1810edea,3,"Based on your preferences, the most suitable topic for you is: Topic 3"
9374ed8e-f099-46db-b816-de339a0aa2f8,6,"Based on your preferences, the most suitable topic for you is: Topic 6"
229464d6-b931-4d9c-9a6f-02356b66e227,4,"Based on your preferences, the most suitable topic for you is: Topic 4"
bbd8a989-89a3-4749-b945-c7242d8c8943,3,"Based on your preferences, the most suitable topic for you is: Topic 3"
5975d88c-3abb-47b9-aa51-daae5d8e4f3f,7,"Based on your preferences, the most suitable topic for you is: Topic 7"
8b46b90b-712f-435d-9eef-e321f7dd2feb,1,"Based on your preferences, the most suitable topic for you is: Topic 1"
1d873064-c5f8-4b27-9306-1fcd32195488,6,"Based on your preferences, the most suitable topic for you is: Topic 6"
f5234ee0-eb03-4ff8-bb0f-24ec625a5f78,3,"Based on your preferences, the most suitable topic for you is: Topic 3"
28e1b8fa-776d-45b4-a963-342698d06f50,1,"Based on your preferences, the most suitable topic for you is: Topic 1"
e4eed34c-8b92-4941-884e-69ee5fab6e24,1,"Based on your preferences, the most suitable topic for you is: Topic 1"
49317d59-bc23-4a9d-914d-f03d17e41024,1,"Based on your preferences, the most suitable topic for you is: Topic 1"
0be7617e-1b6e-447d-9596-eb6b65ac0b6a,0,"Based on your preferences, the most suitable topic for you is: Topic 0"
caa78a58-e94d-4e3a-8f02-bba3c0922798,1,"Based on your preferences, the most suitable topic for you is: Topic 1"
77451553-f269-4023-be48-f4086936c41f,4,"Based on your preferences, the most suitable topic for you is: Topic 4"
222eb89b-ee14-46f1-97a5-6655d359a722,8,"Based on your preferences, the most suitable topic for you is: Topic 8"
aca975d5-2657-4491-8277-6b84142704e8,1,"Based on your preferences, the most suitable topic for you is: Topic 1"
10246aa4-d6f7-49f5-831f-10d1f851928e,8,"Based on your preferences, the most suitable topic for you is: Topic 8"
c0873698-35fb-4fe1-89b0-9f3ca18b3e17,0,"Based on your preferences, the most suitable topic for you is: Topic 0"
0bffb401-7428-4361-8b0f-827f533308a1,8,"Based on your preferences, the most suitable topic for you is: Topic 8"
a2dc3409-8e0e-4956-881b-2a2e44b2454d,6,"Based on your preferences, the most suitable topic for you is: Topic 6"
9e4f3947-fb40-4bf6-94a8-0540f7035a74,0,"Based on your preferences, the most suitable topic for you is: Topic 0"
d1452f25-75ef-4fa0-adb8-54c08c29d99d,5,"Based on your preferences, the most suitable topic for you is: Topic 5"
55b609a2-9637-49fc-add8-8c40262d6115,9,"Based on your preferences, the most suitable topic for you is: Topic 9"
86f85ebc-f1df-4378-a514-b9cad22b98d8,8,"Based on your preferences, the most suitable topic for you is: Topic 8"
8c86fce5-7fb1-4343-9c2d-c944fa3a4712,1,"Based on your preferences, the most suitable topic for you is: Topic 1"
c6a98127-1589-41fc-9512-2540d12ede13,1,"Based on your preferences, the most suitable topic for you is: Topic 1"
b993d09d-007a-4a5c-83fb-336e50501a2b,8,"Based on your preferences, the most suitable topic for you is: Topic 8"
6bed75b3-134f-4ff7-8ffc-8c1516fdf8e3,6,"Based on your preferences, the most suitable topic for you is: Topic 6"
ecbed221-8bbc-42f1-91f0-8c30b2459473,4,"Based on your preferences, the most suitable topic for you is: Topic 4"
c7e0a863-e231-4ac8-9d34-cd5eb05a767a,8,"Based on your preferences, the most suitable topic for you is: Topic 8"
1ebcd087-38c9-49a2-9d27-de53b81ecdc0,0,"Based on your preferences, the most suitable topic for you is: Topic 0"
f8d800cf-c9a1-464d-9f42-83b010917875,2,"Based on your preferences, the most suitable topic for you is: Topic 2"
47d0a857-c221-42ae-8da3-275fc69ce364,7,"Based on your preferences, the most suitable topic for you is: Topic 7"
d0dddba5-ecde-4f91-acfb-d033df5114e7,1,"Based on your preferences, the most suitable topic for you is: Topic 1"
178825d4-7b12-41e5-98d3-51533b28052a,1,"Based on your preferences, the most suitable topic for you is: Topic 1"
b5b01094-bfce-44c8-aead-301789298867,2,"Based on your preferences, the most suitable topic for you is: Topic 2"
14adad23-c810-4ac2-960d-6062dba2cfc9,0,"Based on your preferences, the most suitable topic for you is: Topic 0"
b2e129c6-44c3-4a3c-bf87-b807ce8b990c,0,"Based on your preferences, the most suitable topic for you is: Topic 0"
79859600-230b-4e2d-9bae-e3611b4aaedc,0,"Based on your preferences, the most suitable topic for you is: Topic 0"
1ca0f825-66ad-4f6d-ba38-8953e80cfd4a,3,"Based on your preferences, the most suitable topic for you is: Topic 3"
ced26974-3da4-45bb-88db-b78183cae85e,2,"Based on your preferences, the most suitable topic for you is: Topic 2"
1edaeb2c-d1e6-4a39-b168-d404c03c5cbc,2,"Based on your preferences, the most suitable topic for you is: Topic 2"
1fe0ed5f-d393-4aea-ad56-68784fbc0413,7,"Based on your preferences, the most suitable topic for you is: Topic 7"
9646ce7a-5c77-4684-9b93-9e8e9f445841,6,"Based on your preferences, the most suitable topic for you is: Topic 6"
a8c02356-3e67-4116-92bf-3c20850d22b4,1,"Based on your preferences, the most suitable topic for you is: Topic 1"
892baf43-72de-4da6-a281-7d9b665d6955,2,"Based on your preferences, the most suitable topic for you is: Topic 2"
0be1c6de-89e8-4317-966c-1a62f741cb5a,1,"Based on your preferences, the most suitable topic for you is: Topic 1"
1eb5f5a2-ce12-4ba9-9e30-ba7bc8cde9b9,2,"Based on your preferences, the most suitable topic for you is: Topic 2"
0de95ca4-457f-4c26-9f28-d0f3eea23d9d,6,"Based on your preferences, the most suitable topic for you is: Topic 6"
30d4d8d7-5391-441b-9581-9857ee0510df,3,"Based on your preferences, the most suitable topic for you is: Topic 3"
5c9511c6-e3c3-4260-beba-5db296ca540a,5,"Based on your preferences, the most suitable topic for you is: Topic 5"
51790b06-bde6-4991-b444-687d9a7af65f,4,"Based on your preferences, the most suitable topic for you is: Topic 4"
cfeff825-ec40-48d2-ba67-8f44cb464c69,2,"Based on your preferences, the most suitable topic for you is: Topic 2"
5fee4847-2b0f-44fd-9b95-014738f73224,1,"Based on your preferences, the most suitable topic for you is: Topic 1"
c62e9644-439f-4e65-86be-7caff74edb62,6,"Based on your preferences, the most suitable topic for you is: Topic 6"
28208566-d9b7-4b8d-9feb-e0f28764ddb8,6,"Based on your preferences, the most suitable topic for you is: Topic 6"
cef67d72-e6f0-4afc-94e7-a6ae85f547fd,5,"Based on your preferences, the most suitable topic for you is: Topic 5"
51cb10b1-c6b7-4c53-afcd-02debf3d6040,2,"Based on your preferences, the most suitable topic for you is: Topic 2"
5c9848d6-782f-4b4a-912b-5d8e96e34093,1,"Based on your preferences, the most suitable topic for you is: Topic 1"
cc945d33-bbfa-458e-843d-46f071410537,6,"Based on your preferences, the most suitable topic for you is: Topic 6"
34430610-2723-4a34-8210-1c40ea9b5cf1,9,"Based on your preferences, the most suitable topic for you is: Topic 9"
d07967aa-270c-48d5-8cd0-b02871ebb2f6,4,"Based on your preferences, the most suitable topic for you is: Topic 4"
1c208288-86f5-45a9-9c0b-9e12b6f3ef24,2,"Based on your preferences, the most suitable topic for you is: Topic 2"
746f340d-16c7-4a0b-a31d-0f605e852143,8,"Based on your preferences, the most suitable topic for you is: Topic 8"
64d19f96-a8cd-48c9-baf1-37a2f9b032db,3,"Based on your preferences, the most suitable topic for you is: Topic 3"
fe4938d3-07ec-4c3f-9252-4eb15c147149,9,"Based on your preferences, the most suitable topic for you is: Topic 9"
f662f12c-cb6c-4216-805e-26a4d615f1b0,5,"Based on your preferences, the most suitable topic for you is: Topic 5"
34b3e117-ca34-494a-bc6d-0db3ba3a38b2,8,"Based on your preferences, the most suitable topic for you is: Topic 8"
38174d5b-1983-4031-aa5f-6e8d8fd2152b,3,"Based on your preferences, the most suitable topic for you is: Topic 3"
3af51cd4-c26c-4986-bcd8-124c5681b8e9,4,"Based on your preferences, the most suitable topic for you is: Topic 4"
33a2208b-a32b-4859-b425-c1d68bda3e10,1,"Based on your preferences, the most suitable topic for you is: Topic 1"
a9364463-ed78-4aa3-ab25-03a4d5918bc1,4,"Based on your preferences, the most suitable topic for you is: Topic 4"
96ef0d28-ad5f-42f9-9aa4-ddee05bc04f3,3,"Based on your preferences, the most suitable topic for you is: Topic 3"
ddcf4cef-453c-4c88-b7e1-0a8963d39d90,2,"Based on your preferences, the most suitable topic for you is: Topic 2"
59f6bf09-6e21-412b-b07c-6e9e8fb16725,1,"Based on your preferences, the most suitable topic for you is: Topic 1"
5bbdd71d-4401-4db6-8a4b-7b56796508b9,6,"Based on your preferences, the most suitable topic for you is: Topic 6"
bb1ebec2-a9ce-43b0-93f9-f5bb7caac9e0,9,"Based on your preferences, the most suitable topic for you is: Topic 9"
49b78ee8-dd46-4151-9445-501dd43f7380,6,"Based on your preferences, the most suitable topic for you is: Topic 6"
ae4c8d0d-1c63-4fe5-800f-060874c07808,6,"Based on your preferences, the most suitable topic for you is: Topic 6"
087f7107-24e8-45cc-b135-acbd6b9c65aa,1,"Based on your preferences, the most suitable topic for you is: Topic 1"
c862d146-afaf-42cf-b4e4-95a22fe647dc,3,"Based on your preferences, the most suitable topic for you is: Topic 3"
470eb02c-5d6c-4ee5-bf1d-ea90fc070c9c,2,"Based on your preferences, the most suitable topic for you is: Topic 2"
084ad3c6-3573-44c7-8164-a137bbf3a68e,3,"Based on your preferences, the most suitable topic for you is: Topic 3"
fb92da12-02ef-44a2-9d35-25183857d270,1,"Based on your preferences, the most suitable topic for you is: Topic 1"
df1091ad-7298-49cd-8691-0d99514d6094,3,"Based on your preferences, the most suitable topic for you is: Topic 3"
7900082f-d242-41ea-aee4-12e8901ea919,8,"Based on your preferences, the most suitable topic for you is: Topic 8"
460c64c6-5708-4e71-bf63-aed5af13fe41,3,"Based on your preferences, the most suitable topic for you is: Topic 3"
6c0e4f2c-3ef5-4004-aabd-8fe71614d8bd,1,"Based on your preferences, the most suitable topic for you is: Topic 1"
e9d28818-21af-41af-a27b-aea44c3192fd,1,"Based on your preferences, the most suitable topic for you is: Topic 1"
66a2f202-731d-40dd-b535-0b6012656395,1,"Based on your preferences, the most suitable topic for you is: Topic 1"
98c9efcc-7427-4e9c-9c09-5f5ea120782b,3,"Based on your preferences, the most suitable topic for you is: Topic 3"
4aa0fd86-086a-4764-9184-d1c195969c60,4,"Based on your preferences, the most suitable topic for you is: Topic 4"
76676539-2b6e-40ab-82c4-e6f507692b99,3,"Based on your preferences, the most suitable topic for you is: Topic 3"
4d3abd70-3a4a-4367-a1f4-841d33946edb,0,"Based on your preferences, the most suitable topic for you is: Topic 0"
5dfb49e5-78b8-4309-bcf8-4bf480483c12,5,"Based on your preferences, the most suitable topic for you is: Topic 5"
7a65c7f7-57ef-494a-812b-54599083293f,3,"Based on your preferences, the most suitable topic for you is: Topic 3"
25a1a71f-d87f-419a-980f-b53c1962fccd,2,"Based on your preferences, the most suitable topic for you is: Topic 2"
9d3fb1a1-c557-4a65-8f7e-422a39ebb721,6,"Based on your preferences, the most suitable topic for you is: Topic 6"
dc57e039-a845-47a0-9749-87cf573233e8,3,"Based on your preferences, the most suitable topic for you is: Topic 3"
8063ffe6-d8c4-4576-a967-67eb6e86e573,6,"Based on your preferences, the most suitable topic for you is: Topic 6"
f9aec4bf-8dcb-4f78-b660-ddc00cc0a11c,3,"Based on your preferences, the most suitable topic for you is: Topic 3"
3b08b345-d114-459f-93f3-0101bb4a333d,9,"Based on your preferences, the most suitable topic for you is: Topic 9"
f3c4a0c8-71e3-43ea-9f6f-7ad9fdec2329,6,"Based on your preferences, the most suitable topic for you is: Topic 6"
89889701-6124-4a5f-9fd5-c7a6d0b29879,1,"Based on your preferences, the most suitable topic for you is: Topic 1"
fa1cd570-f491-4b9c-8f53-a4bedac670f8,6,"Based on your preferences, the most suitable topic for you is: Topic 6"
f7bc82b4-e3e1-4cef-bd04-ff77d71bdc25,7,"Based on your preferences, the most suitable topic for you is: Topic 7"
ba8f088a-04e3-4030-8542-89fdb20c952b,1,"Based on your preferences, the most suitable topic for you is: Topic 1"
4ed9fa44-2799-40f1-90bd-3c5bf7d29e03,8,"Based on your preferences, the most suitable topic for you is: Topic 8"
d9015341-5102-4a4f-a2ae-ff5254258f57,1,"Based on your preferences, the most suitable topic for you is: Topic 1"
424f63c0-461e-4999-8dcb-40bc3f072eba,9,"Based on your preferences, the most suitable topic for you is: Topic 9"
6d28ca83-e997-4e48-aad9-3c12de4780f5,1,"Based on your preferences, the most suitable topic for you is: Topic 1"
0b094fb5-606c-4ab6-a358-8bd4bbff9327,1,"Based on your preferences, the most suitable topic for you is: Topic 1"
26ba6db5-c11f-4108-afb8-52af627db68b,1,"Based on your preferences, the most suitable topic for you is: Topic 1"
17b44945-c55b-41d8-a739-41882e6644f7,2,"Based on your preferences, the most suitable topic for you is: Topic 2"
d456b2ea-ec61-4202-8221-7e772308508b,5,"Based on your preferences, the most suitable topic for you is: Topic 5"
731f1cb1-e04b-49e9-ae82-8793494f180d,3,"Based on your preferences, the most suitable topic for you is: Topic 3"
a1569d71-bbeb-4fb6-a1ab-a11489b24787,5,"Based on your preferences, the most suitable topic for you is: Topic 5"
602c695e-59e0-453c-900e-5c74ed891071,6,"Based on your preferences, the most suitable topic for you is: Topic 6"
094a72bf-a42b-4d15-a55a-08247ed08645,2,"Based on your preferences, the most suitable topic for you is: Topic 2"
ebc1914f-fc94-4e52-b623-d3185d05966c,7,"Based on your preferences, the most suitable topic for you is: Topic 7"
8ffa3f43-e9f7-418d-a369-cfd888809727,1,"Based on your preferences, the most suitable topic for you is: Topic 1"
941a77bd-0040-48f5-989f-174cb2224cff,8,"Based on your preferences, the most suitable topic for you is: Topic 8"
50b6754a-2c18-4e6a-8574-4096642a42c0,5,"Based on your preferences, the most suitable topic for you is: Topic 5"
8c0d0edb-8441-458f-88b4-14433558a654,9,"Based on your preferences, the most suitable topic for you is: Topic 9"
ae9c3e30-a508-4175-8b73-8937c2f2543a,6,"Based on your preferences, the most suitable topic for you is: Topic 6"
2e1112ba-1e62-484c-8c30-d82f0b6eaae4,2,"Based on your preferences, the most suitable topic for you is: Topic 2"
1f72dab4-07b8-4fb4-a52c-20fa57dcea13,1,"Based on your preferences, the most suitable topic for you is: Topic 1"
e77e5300-bad8-4f4a-9379-c297166da336,0,"Based on your preferences, the most suitable topic for you is: Topic 0"
88c3ff05-4ece-4421-b447-d90950d94bf1,1,"Based on your preferences, the most suitable topic for you is: Topic 1"
be2790ec-09fa-4a8b-86b4-bdd92eea9c96,2,"Based on your preferences, the most suitable topic for you is: Topic 2"
600dd1b9-f274-4693-8b95-e3ee0e6c2b16,1,"Based on your preferences, the most suitable topic for you is: Topic 1"
5e6d428b-bf3f-4913-82ed-4e0eecaa275e,7,"Based on your preferences, the most suitable topic for you is: Topic 7"
166db95d-8bf3-46b8-b5bf-b0d70b46131c,1,"Based on your preferences, the most suitable topic for you is: Topic 1"
0a716ff2-5716-458a-aaf8-15f6a9090a35,1,"Based on your preferences, the most suitable topic for you is: Topic 1"
f4d3e6e0-d091-49d9-be8f-3acbb7fc17d4,1,"Based on your preferences, the most suitable topic for you is: Topic 1"
c9c3aebe-1ad6-453a-b2e1-4f0b15845f43,2,"Based on your preferences, the most suitable topic for you is: Topic 2"
3a719f8c-d037-4556-96aa-42fdfe9aa6c2,2,"Based on your preferences, the most suitable topic for you is: Topic 2"
60cb9f8b-867e-4d36-99f0-6f482ac44b8d,1,"Based on your preferences, the most suitable topic for you is: Topic 1"
dd880ff8-1ef9-4458-8de2-61ebfecb5d7b,1,"Based on your preferences, the most suitable topic for you is: Topic 1"
8a251a6c-8452-45cf-8ebb-eda6d91347bc,7,"Based on your preferences, the most suitable topic for you is: Topic 7"
a900c262-719a-4be0-92bf-c8895d8e7cdc,1,"Based on your preferences, the most suitable topic for you is: Topic 1"
11116b08-b735-444b-a4ba-0cefbbae04c8,3,"Based on your preferences, the most suitable topic for you is: Topic 3"
478f213c-82b5-4b79-86cc-538dedefec7c,1,"Based on your preferences, the most suitable topic for you is: Topic 1"
94f12288-2795-42f6-b75b-a79c79c41661,9,"Based on your preferences, the most suitable topic for you is: Topic 9"
7fc6daf1-9ee6-4ecc-a0bc-8cd60a95337a,0,"Based on your preferences, the most suitable topic for you is: Topic 0"
924d671a-8eee-4387-b4a8-591de6d63f8d,2,"Based on your preferences, the most suitable topic for you is: Topic 2"
60786238-d573-42f3-95b5-b6d6740a11cf,9,"Based on your preferences, the most suitable topic for you is: Topic 9"
204190d8-dbc6-41f4-9a4d-72d8fc0eea14,2,"Based on your preferences, the most suitable topic for you is: Topic 2"
e9159d73-73c9-4e8c-9608-a5d38f4d25c4,4,"Based on your preferences, the most suitable topic for you is: Topic 4"
1ddb0b08-757d-4c20-bef8-ebfbe6bd80ee,1,"Based on your preferences, the most suitable topic for you is: Topic 1"
003ec70b-7157-4518-bd7e-44df44e2f72d,3,"Based on your preferences, the most suitable topic for you is: Topic 3"
2ba4025f-e661-47f0-afde-7457fad3e40e,1,"Based on your preferences, the most suitable topic for you is: Topic 1"
7fa3e85f-b21d-4994-a74c-762de6244fb0,1,"Based on your preferences, the most suitable topic for you is: Topic 1"
94e452fc-d182-4441-92e5-24a9015ceba5,1,"Based on your preferences, the most suitable topic for you is: Topic 1"
08fe5a6a-a5de-4066-ae2f-4afec913bd08,7,"Based on your preferences, the most suitable topic for you is: Topic 7"
819f55ac-fb5a-489f-9c21-e537e223f117,2,"Based on your preferences, the most suitable topic for you is: Topic 2"
b673d518-856c-401b-8912-7b8d8156dc11,0,"Based on your preferences, the most suitable topic for you is: Topic 0"
647e08bb-291e-47f4-a002-4a1fbe8f5b6a,8,"Based on your preferences, the most suitable topic for you is: Topic 8"
94d3515a-eee4-4d83-9820-b4e1088dfcd3,5,"Based on your preferences, the most suitable topic for you is: Topic 5"
095315e8-474c-451e-81ef-cea74b75813c,1,"Based on your preferences, the most suitable topic for you is: Topic 1"
c130dca5-276f-4868-a1e6-af4c2ce49da4,1,"Based on your preferences, the most suitable topic for you is: Topic 1"
335b402a-71ea-484c-a0cd-4b09c937f570,5,"Based on your preferences, the most suitable topic for you is: Topic 5"
76f32100-0ace-44e5-b021-f55fdf7f18ba,3,"Based on your preferences, the most suitable topic for you is: Topic 3"
14e636a7-0691-433c-8e5d-c0bac8adc8ef,1,"Based on your preferences, the most suitable topic for you is: Topic 1"
a58a6b95-2cb9-4f14-b1ca-22bc83f3e95b,3,"Based on your preferences, the most suitable topic for you is: Topic 3"
0b3d1a00-329a-47f2-b3f6-05d993fb1a88,2,"Based on your preferences, the most suitable topic for you is: Topic 2"
b09ad588-f24d-4d5a-9c78-0f01f4098a8a,5,"Based on your preferences, the most suitable topic for you is: Topic 5"
fee421e2-bdde-47b5-833f-5bb3c29cf19b,8,"Based on your preferences, the most suitable topic for you is: Topic 8"
f65bb4e9-cd81-409e-99e5-8ba77fd23cd9,4,"Based on your preferences, the most suitable topic for you is: Topic 4"
f4fbfae9-cb91-4cfc-8193-c5fb93c89d70,9,"Based on your preferences, the most suitable topic for you is: Topic 9"
57818af8-c95d-4fac-93e6-85351c4b7c94,4,"Based on your preferences, the most suitable topic for you is: Topic 4"
62cf8698-4797-469e-b6d6-00283a095882,0,"Based on your preferences, the most suitable topic for you is: Topic 0"
9e382709-9a93-495e-9780-1e1b7f5b668d,5,"Based on your preferences, the most suitable topic for you is: Topic 5"
b0af6ac4-a5ed-4639-b799-9a555352dc8d,0,"Based on your preferences, the most suitable topic for you is: Topic 0"
4ef5bce6-e73a-43aa-9790-2c5e7231ba0c,2,"Based on your preferences, the most suitable topic for you is: Topic 2"
77ad9e7e-160a-4bf4-b647-60ec8d91c998,4,"Based on your preferences, the most suitable topic for you is: Topic 4"
fca07acb-e806-4d9c-ab41-2ffa3bea209e,4,"Based on your preferences, the most suitable topic for you is: Topic 4"
ca707478-37d8-4adc-b36b-813d7864ce4c,1,"Based on your preferences, the most suitable topic for you is: Topic 1"
464a9bb5-71a0-4dd3-bf22-3907a7925225,1,"Based on your preferences, the most suitable topic for you is: Topic 1"
86dae419-6f52-4f55-b101-40bb71862ed5,5,"Based on your preferences, the most suitable topic for you is: Topic 5"
38896eba-6b56-4011-9f42-9a27a2855108,8,"Based on your preferences, the most suitable topic for you is: Topic 8"
3521f878-dbfb-400c-9edd-f4b5b0d716c0,3,"Based on your preferences, the most suitable topic for you is: Topic 3"
954b4bd7-8382-4e97-8472-b9cb8d8110ac,7,"Based on your preferences, the most suitable topic for you is: Topic 7"
9c812064-e1c9-41db-ad02-e04a4e723543,1,"Based on your preferences, the most suitable topic for you is: Topic 1"
8de28d6b-e562-4e42-ab22-9802ba470237,5,"Based on your preferences, the most suitable topic for you is: Topic 5"
46950583-3fd2-45f3-aea1-14a6d587f549,9,"Based on your preferences, the most suitable topic for you is: Topic 9"
15f86b82-77a1-4cb8-9cf4-b95c6d3be0b8,7,"Based on your preferences, the most suitable topic for you is: Topic 7"
9fd9c41f-49ba-450f-a68c-1cfe4cd509e7,5,"Based on your preferences, the most suitable topic for you is: Topic 5"
038b3335-beb0-40e6-a24a-953dcd3b1da8,5,"Based on your preferences, the most suitable topic for you is: Topic 5"
da05e70e-2eb6-4851-8db3-c0b744b1ea70,2,"Based on your preferences, the most suitable topic for you is: Topic 2"
2a7091f7-2e3a-41ea-b4b6-7914f483dde0,8,"Based on your preferences, the most suitable topic for you is: Topic 8"
00f332c7-76b6-4e40-93e8-0f62992ce6b6,8,"Based on your preferences, the most suitable topic for you is: Topic 8"
5fec5e4f-df4e-4984-8105-acf5dc9b451d,1,"Based on your preferences, the most suitable topic for you is: Topic 1"
0d65f032-e92d-4643-bdee-6c0ef11bf825,0,"Based on your preferences, the most suitable topic for you is: Topic 0"
6aaf437d-72c8-41bb-acd3-aa1e03b3b5c0,0,"Based on your preferences, the most suitable topic for you is: Topic 0"
670718b0-26fb-4258-8935-f3ae03fdd504,7,"Based on your preferences, the most suitable topic for you is: Topic 7"
11284144-bb52-48b5-baad-83a003ba7867,2,"Based on your preferences, the most suitable topic for you is: Topic 2"
221afabc-f26b-4be2-b264-ecb5770bcc81,1,"Based on your preferences, the most suitable topic for you is: Topic 1"
6cf3d9fc-ba0e-4f58-a1da-0033172f3d82,5,"Based on your preferences, the most suitable topic for you is: Topic 5"
4db9d760-89a9-4d27-b27d-bd16d91e2da6,1,"Based on your preferences, the most suitable topic for you is: Topic 1"
347cf5f9-c212-4976-a03c-ccf8b428a099,8,"Based on your preferences, the most suitable topic for you is: Topic 8"
d24fb4f0-a3aa-4675-8d05-24a2bc5add50,2,"Based on your preferences, the most suitable topic for you is: Topic 2"
d5eef8bd-718d-49cf-a001-a04690e4b01b,6,"Based on your preferences, the most suitable topic for you is: Topic 6"
a22a842f-2ad0-425a-a3b0-8c412e6f324e,8,"Based on your preferences, the most suitable topic for you is: Topic 8"
e09126fa-b7f6-47df-aae9-ffc4385d3a47,0,"Based on your preferences, the most suitable topic for you is: Topic 0"
b9f007c1-e369-473f-b74e-9974b49678ff,2,"Based on your preferences, the most suitable topic for you is: Topic 2"
f8cb1de2-48a5-494a-96e2-d0465d28e562,1,"Based on your preferences, the most suitable topic for you is: Topic 1"
45999ba8-6dc1-4fa6-beda-c5be32a1e26c,3,"Based on your preferences, the most suitable topic for you is: Topic 3"
a8424f60-e0d3-4f5f-9fd8-5d963cea3fda,5,"Based on your preferences, the most suitable topic for you is: Topic 5"
659bb98f-2a0c-4f89-9123-498c9d20b474,1,"Based on your preferences, the most suitable topic for you is: Topic 1"
d23c562b-92fd-48df-b82b-d407252069c3,5,"Based on your preferences, the most suitable topic for you is: Topic 5"
5b7970f7-edb4-41eb-8011-02ab4c4cd714,0,"Based on your preferences, the most suitable topic for you is: Topic 0"
5fb05383-6ee2-478f-b9e6-d2ac2bb82531,1,"Based on your preferences, the most suitable topic for you is: Topic 1"
8d144c32-8a38-4e28-84c8-727a7c2656a3,0,"Based on your preferences, the most suitable topic for you is: Topic 0"
54905bd7-656e-4e80-bfd0-55e1ff4e4a93,8,"Based on your preferences, the most suitable topic for you is: Topic 8"
ca6f14f5-7466-4dd5-b634-8fb076806caa,4,"Based on your preferences, the most suitable topic for you is: Topic 4"
35ff1675-3f37-41f5-8977-582be2034b91,2,"Based on your preferences, the most suitable topic for you is: Topic 2"
58f6430a-8770-4b43-9f32-19b25994f653,8,"Based on your preferences, the most suitable topic for you is: Topic 8"
a7419795-e225-4e94-89aa-ebce92f89db7,7,"Based on your preferences, the most suitable topic for you is: Topic 7"
c8a34a6c-4125-48a6-a6f6-cccdad04e66b,1,"Based on your preferences, the most suitable topic for you is: Topic 1"
aa8c1705-62f8-4af6-972e-3c9f9e00e92b,2,"Based on your preferences, the most suitable topic for you is: Topic 2"
8dc25d97-3857-46c9-b4db-fd4a35b7f866,9,"Based on your preferences, the most suitable topic for you is: Topic 9"
ec8924de-a771-4760-a42c-712009b9fb09,1,"Based on your preferences, the most suitable topic for you is: Topic 1"
95e310de-a6ed-490a-8093-dc5ed745bffd,7,"Based on your preferences, the most suitable topic for you is: Topic 7"
e4ec166c-9648-4026-93fc-b2ba78ecb02c,3,"Based on your preferences, the most suitable topic for you is: Topic 3"
5dd22b5a-232e-49a7-b3aa-ae4ab70b6d65,3,"Based on your preferences, the most suitable topic for you is: Topic 3"
5a2193a0-53b3-4dee-9ca3-94dc45b02482,1,"Based on your preferences, the most suitable topic for you is: Topic 1"
3c205acb-5837-4e45-890d-3b1c7305e5e7,0,"Based on your preferences, the most suitable topic for you is: Topic 0"
932d847b-ee1f-4103-8b0f-07897f1206ed,1,"Based on your preferences, the most suitable topic for you is: Topic 1"
5232ab4f-f3ac-4f96-8134-2cd41da72e26,7,"Based on your preferences, the most suitable topic for you is: Topic 7"
1bb41c32-db2c-4a37-9190-46ee3915bac2,2,"Based on your preferences, the most suitable topic for you is: Topic 2"
bc9f6fae-b106-4d54-8520-d0d9d23a6248,8,"Based on your preferences, the most suitable topic for you is: Topic 8"
1e6f5bd9-662b-431e-9fb3-00d788166f6b,1,"Based on your preferences, the most suitable topic for you is: Topic 1"
3831c780-6131-4d9d-ac2d-ee67968eafb5,4,"Based on your preferences, the most suitable topic for you is: Topic 4"
476dd3cc-9a5a-4477-8b6a-1b4014b1f781,0,"Based on your preferences, the most suitable topic for you is: Topic 0"
08463195-6d05-4c31-9067-d79fc7d614f7,4,"Based on your preferences, the most suitable topic for you is: Topic 4"
330183b4-4d95-429b-b3ea-339e5058cfa8,3,"Based on your preferences, the most suitable topic for you is: Topic 3"
a554bf98-11dd-411d-b059-e14bdcf1f018,2,"Based on your preferences, the most suitable topic for you is: Topic 2"
77439e72-3391-478d-bce7-366ffad7bc2a,5,"Based on your preferences, the most suitable topic for you is: Topic 5"
d16455b2-be64-420e-85a7-11a37e76d5a2,4,"Based on your preferences, the most suitable topic for you is: Topic 4"
3b99e614-6679-408c-9168-a1b3cc329086,1,"Based on your preferences, the most suitable topic for you is: Topic 1"
3a14ae03-3391-4733-bee5-8a5a612da77b,5,"Based on your preferences, the most suitable topic for you is: Topic 5"
b5786a7d-7173-44de-9567-986e32cc8c22,3,"Based on your preferences, the most suitable topic for you is: Topic 3"
871a299f-ea56-4fc1-a312-e45af4c10128,2,"Based on your preferences, the most suitable topic for you is: Topic 2"
04b6f12b-ffdd-4991-89ef-c9e71daaefed,0,"Based on your preferences, the most suitable topic for you is: Topic 0"
e7292d50-6527-4e00-aa92-5e178ba81a6b,6,"Based on your preferences, the most suitable topic for you is: Topic 6"
9bf9487d-5cb0-464a-afac-004c71ad8ead,4,"Based on your preferences, the most suitable topic for you is: Topic 4"
df025ea5-6bad-4416-9204-6b91e0cad760,9,"Based on your preferences, the most suitable topic for you is: Topic 9"
92185423-217d-45ad-8d7b-1bde0a78c56a,7,"Based on your preferences, the most suitable topic for you is: Topic 7"
8cdcd188-4980-401d-a215-03b2d402c9b7,1,"Based on your preferences, the most suitable topic for you is: Topic 1"
6b136fb5-43f4-4092-ab25-62bb51aaec20,5,"Based on your preferences, the most suitable topic for you is: Topic 5"
55073cf7-e107-44d0-ad66-74bd102b7382,5,"Based on your preferences, the most suitable topic for you is: Topic 5"
ca388b94-8dfd-47ad-a02f-bf6fb5f5f70f,1,"Based on your preferences, the most suitable topic for you is: Topic 1"
d20652d6-95b5-420d-8a61-39c0726bebcf,2,"Based on your preferences, the most suitable topic for you is: Topic 2"
c82464f1-193b-4dcb-a561-6b275a11c1b3,0,"Based on your preferences, the most suitable topic for you is: Topic 0"
67dab131-e1e8-429d-85ec-a9573c5d5a17,1,"Based on your preferences, the most suitable topic for you is: Topic 1"
5f7f76c3-610e-4a41-941c-46fe1e03665a,3,"Based on your preferences, the most suitable topic for you is: Topic 3"
4c7a7c01-7a08-45f8-ad23-e0f9056a3bb5,1,"Based on your preferences, the most suitable topic for you is: Topic 1"
89de2f88-cb05-419e-9a1d-780acc741a8f,0,"Based on your preferences, the most suitable topic for you is: Topic 0"
85c7df90-4dd2-496d-aaa7-86b98d3bb3ea,1,"Based on your preferences, the most suitable topic for you is: Topic 1"
43aff642-be12-425f-96a9-a63c04d54443,1,"Based on your preferences, the most suitable topic for you is: Topic 1"
7e89cb59-021f-4915-a54b-621d11d219a8,5,"Based on your preferences, the most suitable topic for you is: Topic 5"
6f4520c6-ff2a-465d-a947-ec47514f5960,3,"Based on your preferences, the most suitable topic for you is: Topic 3"
2fc1f982-b4ed-405b-8c9b-07a6dbf4ab75,5,"Based on your preferences, the most suitable topic for you is: Topic 5"
8d6b95f7-af82-4d4d-8b7a-3de8783ea21e,0,"Based on your preferences, the most suitable topic for you is: Topic 0"
107487d3-1908-4dc5-8665-0ce7ffae30cf,3,"Based on your preferences, the most suitable topic for you is: Topic 3"
524c83be-4928-439e-aebc-42aaee67334c,2,"Based on your preferences, the most suitable topic for you is: Topic 2"
610225a0-a280-434e-9e77-f96a846e1d34,9,"Based on your preferences, the most suitable topic for you is: Topic 9"
2bf08cc4-80cf-417c-a97e-b36952aafb24,8,"Based on your preferences, the most suitable topic for you is: Topic 8"
748b2577-97f7-4e1b-a52c-65a6e034eed8,1,"Based on your preferences, the most suitable topic for you is: Topic 1"
c449213e-3890-4498-a31e-c3aaceb4562b,5,"Based on your preferences, the most suitable topic for you is: Topic 5"
a9b80d65-7830-4702-8db3-aff924765ca3,5,"Based on your preferences, the most suitable topic for you is: Topic 5"
b39d0d8d-250e-4616-b0a9-185b558e0ed8,4,"Based on your preferences, the most suitable topic for you is: Topic 4"
bd326994-1e18-4305-99aa-9950084b1d20,0,"Based on your preferences, the most suitable topic for you is: Topic 0"
96b9f4e7-cf98-49ac-babe-a9f2d4d272f0,1,"Based on your preferences, the most suitable topic for you is: Topic 1"
0750f2a5-e818-4aa1-a60d-82b4c8df8793,2,"Based on your preferences, the most suitable topic for you is: Topic 2"
cd760113-85ca-4079-9e42-5f068a1993ba,5,"Based on your preferences, the most suitable topic for you is: Topic 5"
abd29174-8149-4c72-8916-5094e2953775,5,"Based on your preferences, the most suitable topic for you is: Topic 5"
fbba9de4-03e6-4eed-9b03-40ab04343e77,2,"Based on your preferences, the most suitable topic for you is: Topic 2"
f7ecb028-922d-4574-95ac-1d7a6f3d0060,6,"Based on your preferences, the most suitable topic for you is: Topic 6"
ab2d6229-e0f4-42fd-9c2f-2d13ce328c4c,3,"Based on your preferences, the most suitable topic for you is: Topic 3"
70922b01-1211-4676-a12b-21c62167da8a,1,"Based on your preferences, the most suitable topic for you is: Topic 1"
a7f3b1e9-d27c-40de-8092-ca61dd6e0b29,2,"Based on your preferences, the most suitable topic for you is: Topic 2"
d349e38d-1913-4a98-8b3d-8c81ed83e60d,3,"Based on your preferences, the most suitable topic for you is: Topic 3"
55b9a109-9850-4675-9ae0-f41e0ce84399,1,"Based on your preferences, the most suitable topic for you is: Topic 1"
4840a579-c8f3-436d-80ac-c05e504d0701,2,"Based on your preferences, the most suitable topic for you is: Topic 2"
07fba48f-b662-4a1d-b978-253e851dd8aa,2,"Based on your preferences, the most suitable topic for you is: Topic 2"
3e4d352c-855c-4892-bc58-74eda58b0c50,7,"Based on your preferences, the most suitable topic for you is: Topic 7"
7fce529d-b53d-466f-b321-a4e7e56f491c,3,"Based on your preferences, the most suitable topic for you is: Topic 3"
89921c4a-9911-4d19-9fa7-92a04a046f65,7,"Based on your preferences, the most suitable topic for you is: Topic 7"
cb0a525f-4392-4d0f-bb07-f435bb78083d,0,"Based on your preferences, the most suitable topic for you is: Topic 0"
b8f16f0f-868f-472f-9814-a6dbdc89ee5b,8,"Based on your preferences, the most suitable topic for you is: Topic 8"
71d84fa2-4345-43f4-8ec0-cb51d84b7aa3,1,"Based on your preferences, the most suitable topic for you is: Topic 1"
22ebe281-7d31-403e-8feb-9719817bfffc,1,"Based on your preferences, the most suitable topic for you is: Topic 1"
f7f0f161-66cd-4e91-9fcb-3219acc13594,8,"Based on your preferences, the most suitable topic for you is: Topic 8"
ed2b06c1-177f-4c66-a89d-f6ad48f35b34,7,"Based on your preferences, the most suitable topic for you is: Topic 7"
d18eb30c-9378-495c-a9a4-354b289a4fba,3,"Based on your preferences, the most suitable topic for you is: Topic 3"
c7b74af7-3cca-41c6-9e78-f3d089a1b1a1,4,"Based on your preferences, the most suitable topic for you is: Topic 4"
1a4b939a-4489-49a1-aa57-da9eca095dea,5,"Based on your preferences, the most suitable topic for you is: Topic 5"
ce4a583b-7ff8-4b9f-a66d-416ce5c4ed2d,9,"Based on your preferences, the most suitable topic for you is: Topic 9"
206a63d8-6c2d-4bd1-a4b5-cd2d57a904ff,1,"Based on your preferences, the most suitable topic for you is: Topic 1"
f1dd04c1-f190-47ea-abf0-cbb5b5bb2c0e,5,"Based on your preferences, the most suitable topic for you is: Topic 5"
555aa721-4ad9-4f2e-a255-67f39febd524,0,"Based on your preferences, the most suitable topic for you is: Topic 0"
e4b33966-b73e-4a5c-b777-6c57018f7137,3,"Based on your preferences, the most suitable topic for you is: Topic 3"
c33f6db5-a30c-410e-a464-d3a71ba88e87,5,"Based on your preferences, the most suitable topic for you is: Topic 5"
ffd02e62-e89c-4b70-80e2-ee34322ac940,3,"Based on your preferences, the most suitable topic for you is: Topic 3"
54317fc3-eec7-41ed-b3f5-b2228bf5f830,2,"Based on your preferences, the most suitable topic for you is: Topic 2"
c4980a9b-f44e-4d74-8b12-9b8e2301024e,1,"Based on your preferences, the most suitable topic for you is: Topic 1"
af279f5a-402a-4b7b-a290-98b55f3675aa,5,"Based on your preferences, the most suitable topic for you is: Topic 5"
8b591e3d-c771-413e-9f55-dba272c7e2a6,1,"Based on your preferences, the most suitable topic for you is: Topic 1"
7cd07c74-e2e7-4281-9d0b-7b268077e312,5,"Based on your preferences, the most suitable topic for you is: Topic 5"
cd78fa3f-f0ad-4f48-8191-c88cd21ce7aa,2,"Based on your preferences, the most suitable topic for you is: Topic 2"
5d4e8df2-de80-4c20-bb15-afb835ff6f03,4,"Based on your preferences, the most suitable topic for you is: Topic 4"
e858eb6f-c17f-47de-8271-72d458dd7b7a,8,"Based on your preferences, the most suitable topic for you is: Topic 8"
e89203a0-b766-47db-a6db-a37a90e35dd1,2,"Based on your preferences, the most suitable topic for you is: Topic 2"
28b251a1-c04f-4db4-9c4e-58a8956726b8,1,"Based on your preferences, the most suitable topic for you is: Topic 1"
cb7a7fb4-a951-4a16-ab84-2fd308e55056,1,"Based on your preferences, the most suitable topic for you is: Topic 1"
d89c90f5-4b36-45da-bf22-1ab977bad882,5,"Based on your preferences, the most suitable topic for you is: Topic 5"
6d6169c3-c111-4573-aa2c-26609ed32e23,3,"Based on your preferences, the most suitable topic for you is: Topic 3"
d248269d-964d-4201-aef3-4896efa8981f,1,"Based on your preferences, the most suitable topic for you is: Topic 1"
ddd80e77-ab69-4ea3-9d6f-fffa77311539,0,"Based on your preferences, the most suitable topic for you is: Topic 0"
1e60dfdf-1d97-4470-9047-4aef0ecf108d,6,"Based on your preferences, the most suitable topic for you is: Topic 6"
168f8a54-90ae-44f1-b10c-5d496b697fa3,1,"Based on your preferences, the most suitable topic for you is: Topic 1"
2ead451c-6e5c-460e-b864-e367e79f5754,9,"Based on your preferences, the most suitable topic for you is: Topic 9"
9fe060b8-6608-4e0a-b7a7-20ab6db0589c,5,"Based on your preferences, the most suitable topic for you is: Topic 5"
3fef0fc1-e501-42fa-ba6b-6174ab859d6e,4,"Based on your preferences, the most suitable topic for you is: Topic 4"
47402f08-d936-49d7-94de-1218076adeee,0,"Based on your preferences, the most suitable topic for you is: Topic 0"
123aa385-86d3-4547-acd9-3a82310c03af,3,"Based on your preferences, the most suitable topic for you is: Topic 3"
2b180922-da1f-4543-b5ea-f313c1e06bbd,1,"Based on your preferences, the most suitable topic for you is: Topic 1"
16720835-7aa2-47e3-9469-50dde89ede8e,2,"Based on your preferences, the most suitable topic for you is: Topic 2"
89ad73a9-5bde-44a6-a06a-62ddf3b5b800,7,"Based on your preferences, the most suitable topic for you is: Topic 7"
54762449-bb9e-4e2f-9f99-f796e00a280b,2,"Based on your preferences, the most suitable topic for you is: Topic 2"
84d10cd2-2d5f-4405-9e75-85de3123f459,4,"Based on your preferences, the most suitable topic for you is: Topic 4"
0ceea4a0-0942-4c13-928e-1a0ed7d744da,5,"Based on your preferences, the most suitable topic for you is: Topic 5"
39c8c257-0ef8-4489-b408-977d7f62fc38,0,"Based on your preferences, the most suitable topic for you is: Topic 0"
3ba4bc0a-04a7-4232-9734-1de136ab2996,1,"Based on your preferences, the most suitable topic for you is: Topic 1"
7a962b88-00a6-4674-ba60-51562d8843a7,9,"Based on your preferences, the most suitable topic for you is: Topic 9"
a0d2fa0b-26e6-4637-9181-629175cb0cd7,2,"Based on your preferences, the most suitable topic for you is: Topic 2"
0ae3193f-09a7-4805-b4f8-7f35e24e7c86,9,"Based on your preferences, the most suitable topic for you is: Topic 9"
b3d83d52-4770-4689-a4d5-614eeceb3141,4,"Based on your preferences, the most suitable topic for you is: Topic 4"
01917635-fe63-46f1-a8c4-039175deeb05,1,"Based on your preferences, the most suitable topic for you is: Topic 1"
478647b2-c10f-4901-97cb-e33891664971,1,"Based on your preferences, the most suitable topic for you is: Topic 1"
69ae01ac-53bb-40b0-9206-77e635c247de,3,"Based on your preferences, the most suitable topic for you is: Topic 3"
5d0372f6-26ae-49ad-a96a-f3b0e9de0157,2,"Based on your preferences, the most suitable topic for you is: Topic 2"
c9ca7a52-b6a9-4054-bb77-4e6859916204,1,"Based on your preferences, the most suitable topic for you is: Topic 1"
ba81bbc5-6246-420d-85a9-4cfc9816aaa1,2,"Based on your preferences, the most suitable topic for you is: Topic 2"
88004907-cb16-4e71-87aa-e81dfb9852ee,5,"Based on your preferences, the most suitable topic for you is: Topic 5"
48bb02bf-b523-47e0-9502-a2f1377e7b51,7,"Based on your preferences, the most suitable topic for you is: Topic 7"
64cca42d-de86-4d5e-934b-1690dfacb565,8,"Based on your preferences, the most suitable topic for you is: Topic 8"
a2e9b2fa-16fe-4151-af5e-01ea08ff79e2,2,"Based on your preferences, the most suitable topic for you is: Topic 2"
50fe89a6-a64b-47b9-b9fb-184da0e876e6,0,"Based on your preferences, the most suitable topic for you is: Topic 0"
1d2aac56-295a-481f-91b1-ca3238789b9d,5,"Based on your preferences, the most suitable topic for you is: Topic 5"
dec5b8f8-fe9a-4193-bb66-00af66b4ec83,1,"Based on your preferences, the most suitable topic for you is: Topic 1"
4e92e9b2-f389-45ca-98f9-9ca09ff71a26,7,"Based on your preferences, the most suitable topic for you is: Topic 7"
ebceb13b-a986-47b7-ad96-aeeaf9c7a7ac,4,"Based on your preferences, the most suitable topic for you is: Topic 4"
c732d825-9404-4767-af54-ca145bd36c88,6,"Based on your preferences, the most suitable topic for you is: Topic 6"
1136aaa3-fc12-44e6-94ac-dfe9a5b10ffe,9,"Based on your preferences, the most suitable topic for you is: Topic 9"
27d02fc9-3cbf-4255-b2e7-8f5e575785d6,8,"Based on your preferences, the most suitable topic for you is: Topic 8"
eaba1e03-7a1e-49b8-82c9-fc9e5ac6f645,9,"Based on your preferences, the most suitable topic for you is: Topic 9"
b90f577c-4b7b-4b82-a782-7346327f1645,2,"Based on your preferences, the most suitable topic for you is: Topic 2"
49cc0c66-0a7c-4776-a5d4-e241d1210a23,2,"Based on your preferences, the most suitable topic for you is: Topic 2"
bb947663-b21d-4276-a2d9-92d9435e4619,1,"Based on your preferences, the most suitable topic for you is: Topic 1"
75bc7dc7-8aa9-4de0-9423-7d388e7f199c,4,"Based on your preferences, the most suitable topic for you is: Topic 4"
b0df7fa2-2346-4a86-9b92-06e955e0980a,8,"Based on your preferences, the most suitable topic for you is: Topic 8"
74832cb0-065e-4a57-97cb-76ce6c26ed35,5,"Based on your preferences, the most suitable topic for you is: Topic 5"
6a75bda5-91c5-485f-99fc-dcc201f58431,0,"Based on your preferences, the most suitable topic for you is: Topic 0"
c2e9cef3-ecf7-484c-bd5f-fee3d8ff8779,7,"Based on your preferences, the most suitable topic for you is: Topic 7"
dcd4d75b-67cf-41ff-93bf-c46ee330a7a0,6,"Based on your preferences, the most suitable topic for you is: Topic 6"
3dc3bc60-57ea-44ae-818f-6e5667e9dc5f,5,"Based on your preferences, the most suitable topic for you is: Topic 5"
76fec53c-8e42-48cd-8285-735c277fe458,2,"Based on your preferences, the most suitable topic for you is: Topic 2"
9c94cc75-f99b-4a5b-8bde-226c4a158437,8,"Based on your preferences, the most suitable topic for you is: Topic 8"
444dc944-e2c6-491d-9d85-b6b9f4dbc181,2,"Based on your preferences, the most suitable topic for you is: Topic 2"
9ba92592-a746-4313-8868-9ac3d9c66e12,4,"Based on your preferences, the most suitable topic for you is: Topic 4"
79470c57-f787-4e48-b0d0-20374cb37697,1,"Based on your preferences, the most suitable topic for you is: Topic 1"
c2ac23eb-a2c9-4186-8c0a-dca7adadf18c,3,"Based on your preferences, the most suitable topic for you is: Topic 3"
1d1c8582-d086-4c1c-8efa-76e6a7c259c8,8,"Based on your preferences, the most suitable topic for you is: Topic 8"
c033e971-86d2-4ee4-9e12-ad0a8ec35c5a,0,"Based on your preferences, the most suitable topic for you is: Topic 0"
3611e989-70b1-43fb-84b3-c94dd46de7c8,1,"Based on your preferences, the most suitable topic for you is: Topic 1"
d30e7dde-6fe3-43a7-9319-2d768d7e4fae,3,"Based on your preferences, the most suitable topic for you is: Topic 3"
d189ea94-fa15-473e-b9d5-bde407ae84de,1,"Based on your preferences, the most suitable topic for you is: Topic 1"
8ea8bd81-b41c-4edb-b63a-5f7739c1cc93,1,"Based on your preferences, the most suitable topic for you is: Topic 1"
a2df51da-b919-47e2-95f3-d0e511375a32,4,"Based on your preferences, the most suitable topic for you is: Topic 4"
851bde82-6939-4979-b867-7e21568e8544,7,"Based on your preferences, the most suitable topic for you is: Topic 7"
d7f58521-5075-49a6-a1aa-48c53f4f7374,0,"Based on your preferences, the most suitable topic for you is: Topic 0"
2890724f-bfbe-4ba6-a53b-9bd6b7410533,4,"Based on your preferences, the most suitable topic for you is: Topic 4"
f23489cf-a8a1-4e33-a60d-1c2a23a1be72,7,"Based on your preferences, the most suitable topic for you is: Topic 7"
c886e3ae-7eab-4461-8d66-0a64eedb1e4d,1,"Based on your preferences, the most suitable topic for you is: Topic 1"
88376711-726f-4f0c-9702-01d1f0f5d988,4,"Based on your preferences, the most suitable topic for you is: Topic 4"
ddad82f2-f719-45a2-a6a5-12e6610c6250,8,"Based on your preferences, the most suitable topic for you is: Topic 8"
57455c10-79d3-46c1-b478-88bd7ceb3c0b,8,"Based on your preferences, the most suitable topic for you is: Topic 8"
9059dbba-6c41-42ba-a802-6adda78c1caf,1,"Based on your preferences, the most suitable topic for you is: Topic 1"
c01c2397-2e09-4b40-9053-c9df00e3617d,4,"Based on your preferences, the most suitable topic for you is: Topic 4"
a8c4c901-2285-4b3f-94d3-0ecbdd7a6a09,0,"Based on your preferences, the most suitable topic for you is: Topic 0"
